[{"@type":"mappingTemplate","id":"@1","name":"testBinInputHP","description":"","autoExpireObject":false,"bundleVersion":"0","assetFrsGuid":"bzZcMWI6msPdwst2wCWl6n","templateId":"@3","hasParameters":false,"valid":false,"fixedConnection":true,"hasParametersDeployed":false,"fixedConnectionDeployed":false,"isSchemaValidationEnabled":false,"tasks":0,"mappingPreviewFileRecordId":"@2","documentType":"MAPPING","references":[{"@type":"reference","refObjectId":"@3x1y2m73fAjlc0SUkSdDCQ","refType":"hschema"},{"@type":"reference","refObjectId":"@0ubAl4MCkhJdoiNHqoKxs2","refType":"connection"},{"@type":"reference","refObjectId":"@dU5M7dhKdiQl6oqqX1Rm02","refType":"connection"}]}]